{"cameraMode":{"drawMode":0,"name":"Shaded","section":"Shading Mode"},"sceneLighting":false,"audioPlay":false,"sceneViewState":{"m_AlwaysRefresh":false,"showFog":true,"showSkybox":false,"showFlares":true,"showImageEffects":true,"showParticleSystems":true,"showVisualEffectGraphs":true,"m_FxEnabled":true},"in2DMode":false,"pivot":{"x":1.2646946907043458,"y":-0.008547067642211914,"z":-0.9999997615814209},"rotation":{"x":-0.10228472203016281,"y":0.8922716975212097,"z":-0.2544618546962738,"w":-0.35866183042526247},"size":1.6646313667297364,"orthographic":false}