{"cameraMode":{"drawMode":0,"name":"Shaded","section":"Shading Mode"},"sceneLighting":false,"audioPlay":false,"sceneViewState":{"m_AlwaysRefresh":false,"showFog":true,"showSkybox":false,"showFlares":true,"showImageEffects":true,"showParticleSystems":true,"showVisualEffectGraphs":true,"m_FxEnabled":true},"in2DMode":false,"pivot":{"x":0.24792098999023438,"y":0.5488903522491455,"z":0.08202552795410156},"rotation":{"x":-0.11567907780408859,"y":0.8801922798156738,"z":-0.27692073583602908,"w":-0.3676850199699402},"size":1.1090024709701539,"orthographic":false}