{"cameraMode":{"drawMode":0,"name":"Shaded","section":"Shading Mode"},"sceneLighting":false,"audioPlay":false,"sceneViewState":{"m_AlwaysRefresh":false,"showFog":true,"showSkybox":false,"showFlares":true,"showImageEffects":true,"showParticleSystems":true,"showVisualEffectGraphs":true,"m_FxEnabled":true},"in2DMode":false,"pivot":{"x":0.050609439611434939,"y":0.009028667584061623,"z":-0.0013511180877685547},"rotation":{"x":-0.10228472203016281,"y":0.8922716975212097,"z":-0.2544618546962738,"w":-0.35866183042526247},"size":0.16549699008464814,"orthographic":false}