{"cameraMode":{"drawMode":0,"name":"Shaded","section":"Shading Mode"},"sceneLighting":false,"audioPlay":false,"sceneViewState":{"m_AlwaysRefresh":false,"showFog":true,"showSkybox":false,"showFlares":true,"showImageEffects":true,"showParticleSystems":true,"showVisualEffectGraphs":true,"m_FxEnabled":true},"in2DMode":false,"pivot":{"x":0.012378603219985962,"y":0.29951420426368716,"z":-0.0096358060836792},"rotation":{"x":-0.10228472203016281,"y":0.8922716975212097,"z":-0.2544618546962738,"w":-0.35866183042526247},"size":0.5837730169296265,"orthographic":false}